<?xml version="1.0" encoding="utf-8"?><feed xmlns="http://www.w3.org/2005/Atom" ><generator uri="https://jekyllrb.com/" version="4.1.1">Jekyll</generator><link href="/feed.xml" rel="self" type="application/atom+xml" /><link href="/" rel="alternate" type="text/html" /><updated>2020-07-10T02:28:29+07:00</updated><id>/feed.xml</id><title type="html">2021-Honda.Com</title><subtitle>2021-honda.com is a website about autos industry.</subtitle><entry><title type="html">2021 Honda CR-V Prices and Release Date</title><link href="/2021-honda-cr-v-prices-and-release-date/" rel="alternate" type="text/html" title="2021 Honda CR-V Prices and Release Date" /><published>2020-07-09T00:00:00+07:00</published><updated>2020-07-09T00:00:00+07:00</updated><id>/2021-honda-cr-v-prices-and-release-date</id><content type="html" xml:base="/2021-honda-cr-v-prices-and-release-date/">&lt;p&gt;The forthcoming 2021 Honda CR-V will expose a revamp. The redesign includes numerous visual refreshments, interior upgrades, and even mechanical changes that are about to happen.&lt;/p&gt;

&lt;p&gt;The CR-V crossover will appear using a far more contemporary look, and internal is sure to get new technological innovation. Moreover, dimensional change is very likely. According to rumors, the next  2021 Honda CR-V will be larger than its forerunner. Besides those changes, 2021 Honda CR-V should remain a compact crossover that offers efficiency, reliability, and it comes with an affordable price.&lt;/p&gt;

&lt;p&gt;2021 Honda CR-V Redesign&lt;/p&gt;

&lt;p&gt;When we already authored, a new 2021 Honda CR-V will finally expose a totaly redesign. While the exterior looks upscale and refreshments are something that needed to happen. The next models will most likely to be get a new platform. The main reason for such a design change move from 2021 Honda CR-V is the vehicle size changes. 2021 Honda  CR-V will be larger than its predecessor. This will result in numerous significant changes. For a start, new design language, sportier styling, and more extensive exterior features will happen.&lt;/p&gt;

&lt;p&gt;&lt;img src=&quot;/assets/images/2021-honda-cr-v-spy-photos.jpg&quot; alt=&quot;2021 Honda CR-V Redesign&quot; /&gt;&lt;/p&gt;

&lt;p&gt;Layout-sensible, this model will likely be much like the new HR-V model. We still don’t determine the CR-V version will continue to be a small crossover. Should this be the case, Honda may make a significant advantages in the coming year for various reasons. We can also anticipate a brand name-new face, consisting of a brand new grille, Brought headlights, and bumpers. In addition to that, the rear part will sports activity new taillights and new tires might be inside the offer.&lt;/p&gt;

&lt;p&gt;On account of the latest dimensional alterations, the 2021 Honda CR-V will probably be more substantial.&lt;/p&gt;

&lt;p&gt;However, Honda intends to transform its crossover into a relative’s motor vehicle. The remainder of the inside adjustments involves quite a few changes within the tech division. Besides changes infotainment process, 2021 CR-V can get new and more extensive exhibits. Convenience will likely be greater now, and we can get far more substantial-top quality components. Also, an overhaul of the dash panel and central gaming system will occur as well. Therefore we should expect a similar style such as the HR-V model.&lt;/p&gt;

&lt;p&gt;2021 Honda CR-V Powertrain&lt;/p&gt;

&lt;p&gt;We are still waiting for formal specifics of the potential drivetrain changes. To this moment, the 2021 Honda CR-V will offer two engine options. The first option is delivers 184 HP with  2.4-liter gasoline four-cylinder and 180 lb ft of torque. The speed rated at 26 mpg in the busy road (city) and 32 mpg on the highway. As you can see, reliable power and excellent fuel efficiency. In addition, a Continuously Variable Transmission (CVT) is in the offer a 1.5 liter turbo is an optional engine, and it produces 190 HP and 180 lb-ft of torque.&lt;/p&gt;

&lt;p&gt;This engine offers excellent gas overall economy, 28/34 mpg. An all-wheel-drive setup is optional, no matter which engine you opt. For diesel variant will become available in some markets. It is a 1.6 liter will deliver around 120 hp and over 200 lb-ft of torque. Change of platform suggests a hybrid powertrain. This could quickly happen in 2021, but Honda refuses to provide further details on this topic.&lt;/p&gt;

&lt;p&gt;Price and Release Date&lt;/p&gt;

&lt;p&gt;Brand-new 2021 Honda CR-V will surely cost a tad bit more and can start off at $26,500. When you look at the number of updates, the price increase isn’t significant at all. New CR-V will continue to compete with Ford Escape, Toyota RAV4, and Nissan Rogue. Its release date is expected to be sometime next year.&lt;/p&gt;</content><author><name>ryan</name></author><category term="CR-V" /><category term="SUV" /><summary type="html">The forthcoming 2021 Honda CR-V will expose a revamp. The redesign includes numerous visual refreshments, interior upgrades, and even mechanical changes that are about to happen.</summary><media:thumbnail xmlns:media="http://search.yahoo.com/mrss/" url="/assets/images/2021_honda_cr-v.jpg" /><media:content medium="image" url="/assets/images/2021_honda_cr-v.jpg" xmlns:media="http://search.yahoo.com/mrss/" /></entry><entry><title type="html">2021 Honda Ridgeline Redesign and Release Date</title><link href="/2021-honda-ridgeline-redesign/" rel="alternate" type="text/html" title="2021 Honda Ridgeline Redesign and Release Date" /><published>2020-07-09T00:00:00+07:00</published><updated>2020-07-09T00:00:00+07:00</updated><id>/2021-honda-ridgeline-redesign</id><content type="html" xml:base="/2021-honda-ridgeline-redesign/">&lt;p&gt;The first mass-produced book to deviate from a rectilinear format, at least in the United States, is thought to be this 1863 edition of Red Riding Hood, cut into the shape of the protagonist herself with the troublesome wolf curled at her feet. Produced by the Boston-based publisher Louis Prang, this is the first in their “Doll Series”, a set of five “die-cut” books, known also as shape books — the other titles being Robinson Crusoe, Goody Two-Shoes (also written by Red Riding Hood author Lydia Very), Cinderella, and King Winter.&lt;/p&gt;

&lt;p&gt;An 1868 Prang catalogue would later claim that such “books in the shape of a regular paper Doll… originated with us”.&lt;/p&gt;

&lt;p&gt;It would seem the claim could also extend to die cut books in general, as we can’t find anything sooner, but do let us know in the comments if you have further light to shed on this! Such books are, of course, still popular in children’s publishing today, though the die cutting is not now limited to mere outlines, as evidenced in a beautiful 2014 version of the same Little Red Riding Hood story.&lt;/p&gt;

&lt;p&gt;The die cut has also been employed in the non-juvenile sphere as well, a recent example being Jonathan Safran Foer’s ambitious Tree of Codes.&lt;/p&gt;

&lt;p&gt;As for this particular rendition of Charles Perrault’s classic tale, the text and design is by Lydia Very (1823-1901), sister of Transcendentalist poet Jones Very. The gruesome ending of the original - which sees Little Red Riding Hood being gobbled up as well as her grandmother - is avoided here, the gore giving way to the less bloody aims of the morality tale, and the lesson that one should not disobey one’s mother.&lt;/p&gt;

&lt;p&gt;To deviate from a rectilinear format, at least in the United States, is thought to be this 1863 edition of Red Riding Hood, cut into the shape of the protagonist herself with the troublesome wolf curled at her feet. Produced by the Boston-based publisher Louis Prang, this is the first in their “Doll Series”, a set of five “die-cut” books, known also as shape books — the other titles being Robinson Crusoe, Goody Two-Shoes (also written by Red Riding Hood author Lydia Very), Cinderella, and King Winter.&lt;/p&gt;

&lt;p&gt;An 1868 Prang catalogue would later claim that such “books in the shape of a regular paper Doll… originated with us”.&lt;/p&gt;

&lt;p&gt;The claim could also extend to die cut books in general, as we can’t find anything sooner, but do let us know in the comments if you have further light to shed on this! Such books are, of course, still popular in children’s publishing today, though the die cutting is not now limited to mere outlines, as evidenced in a beautiful 2014 version of the same Little Red Riding Hood story.&lt;/p&gt;

&lt;p&gt;The die cut has also been employed in the non-juvenile sphere as well, a recent example being Jonathan Safran Foer’s ambitious Tree of Codes.&lt;/p&gt;

&lt;p&gt;As for this particular rendition of Charles Perrault’s classic tale, the text and design is by Lydia Very (1823-1901), sister of Transcendentalist poet Jones Very. The gruesome ending of the original - which sees Little Red Riding Hood being gobbled up as well as her grandmother - is avoided here, the gore giving way to the less bloody aims of the morality tale, and the lesson that one should not disobey one’s mother.&lt;/p&gt;</content><author><name>ryan</name></author><category term="Ridgeline" /><category term="featured" /><summary type="html">The first mass-produced book to deviate from a rectilinear format, at least in the United States, is thought to be this 1863 edition of Red Riding Hood, cut into the shape of the protagonist herself with the troublesome wolf curled at her feet. Produced by the Boston-based publisher Louis Prang, this is the first in their “Doll Series”, a set of five “die-cut” books, known also as shape books — the other titles being Robinson Crusoe, Goody Two-Shoes (also written by Red Riding Hood author Lydia Very), Cinderella, and King Winter.</summary><media:thumbnail xmlns:media="http://search.yahoo.com/mrss/" url="/assets/images/2021-honda-Ridgeline.jpg" /><media:content medium="image" url="/assets/images/2021-honda-Ridgeline.jpg" xmlns:media="http://search.yahoo.com/mrss/" /></entry><entry><title type="html">2021 Honda Accord Redesign</title><link href="/2021-honda-accord-redesign/" rel="alternate" type="text/html" title="2021 Honda Accord Redesign" /><published>2020-07-08T00:00:00+07:00</published><updated>2020-07-08T00:00:00+07:00</updated><id>/2021-honda-accord-redesign</id><content type="html" xml:base="/2021-honda-accord-redesign/">&lt;p&gt;The freshly remodeled 2021 Honda Accord is available and enhanced demonstrates modern format, and customarily lots of adjustments. But, these upgrades are common well-performed, and will also be no issues with technologies or any little technical bugs which will annoy the clients. The brand-new 2021 Accord will increase the purchase revenue to improve the campaign and advertising campaign for your upcoming age group.&lt;/p&gt;

&lt;p&gt;The newly designed product will set the pub pretty higher through your competition, with its modern appearance and clean generator place. Updates on powertrain work better than existing models, and it is more fuel-efficient. The additional trim levels will probably include engine options and boost the production even further.&lt;/p&gt;

&lt;p&gt;&lt;img src=&quot;/assets/images/2021-honda-accord-back-view.jpg&quot; alt=&quot;2021 Honda Accord Redesign&quot; /&gt;&lt;/p&gt;

&lt;p&gt;Thoughmidsizemidsize sedans are not as popular as they once were; the segment is full of some of the best vehicles in the US market. Chief among these is the 2021 Honda Accord. What is the mainstay of the 2021 Honda Accord Redesign is still in a spacious and friendly cabin for passengers and also for motorists.&lt;/p&gt;

&lt;p&gt;The 2021 Honda Accord valued like a midsize. Nonetheless, its large number of internal places is far more akin to what you’ll see in an entire-dimensions sedan. In the highest trim, the quality of materials is closer to what you’d find in a luxury sedan than any more budget-friendly direct competitor. Buyers looking for a superior blend of affordability and luxury should put the Accord on their shortlist.&lt;/p&gt;

&lt;p&gt;About 2021 Honda Accord Redesign&lt;/p&gt;

&lt;p&gt;The re-designed design sets the club pretty high throughout your competition, with its modern seem and thoroughly clean motor area. The improved powertrain works better than the current unit, and it is more fuel-efficient. The additional trim levels will probably include even more engine options and boost the production even further.&lt;/p&gt;

&lt;p&gt;The 2021 Honda Accord, even so, is not faultless. At the same time, we like the 1.5-liter engine.&lt;/p&gt;

&lt;p&gt;&lt;img src=&quot;/assets/images/2021-honda-accord-back-interior.jpg&quot; alt=&quot;2021 Honda Accord interior redesign&quot; /&gt;&lt;/p&gt;

&lt;p&gt;In the event, the Accord seems a bit conservative for you, be sure to check out the sleek and splendid Mazda 6. While quite a bit hight, the Kia Stinger is a sporty alternative that will have you grinning ear to ear whenever you hit the throttle.&lt;/p&gt;

&lt;p&gt;
&lt;p&gt;&lt;iframe style=&quot;width:100%;&quot; height=&quot;315&quot; src=&quot;https://www.youtube.com/embed/SQxvG_JmhBQ?rel=0&amp;amp;showinfo=0&quot; frameborder=&quot;0&quot; allowfullscreen=&quot;&quot;&gt;&lt;/iframe&gt;&lt;/p&gt;
&lt;/p&gt;

&lt;p&gt;2021 Honda Accord comes with two powertrain choices. The first one is a 1.5-liter mph that produces 195 lb-ft of torque. The higher trim get an additional engine for the Sport, EX, and Touring version is a 2-0-liter unit with a 256 hp output.&lt;/p&gt;

&lt;p&gt;All models are linked to a CVT auto transmission, besides the game toned, that can work with a 6-velocity gearbox. All engines will use a higher dose of fuel reduction, and it will provide better-towing capacity.&lt;/p&gt;

&lt;p&gt;2021 Honda Accord Release Date and Price&lt;/p&gt;

&lt;p&gt;2021 Honda Accord will have an MSRP beginning at $26,500 for that base product. However, with the additional option and higher levels, the price might go over $35,000.&lt;/p&gt;

&lt;p&gt;The official relieves day is still unfamiliar. Some rumors suggest that the new version of the popular sedan will be ready before the Fall of 2020. The Tokyo Auto Show is probably the perfect event for the debut.&lt;/p&gt;</content><author><name>rabumah</name></author><category term="Accord" /><category term="Sedan" /><summary type="html">The freshly remodeled 2021 Honda Accord is available and enhanced demonstrates modern format, and customarily lots of adjustments. But, these upgrades are common well-performed, and will also be no issues with technologies or any little technical bugs which will annoy the clients. The brand-new 2021 Accord will increase the purchase revenue to improve the campaign and advertising campaign for your upcoming age group.</summary><media:thumbnail xmlns:media="http://search.yahoo.com/mrss/" url="/assets/images/2021-honda-accord.jpg" /><media:content medium="image" url="/assets/images/2021-honda-accord.jpg" xmlns:media="http://search.yahoo.com/mrss/" /></entry><entry><title type="html">2021 Honda Fit Redesign and Release Date</title><link href="/2021-honda-fit-redesign/" rel="alternate" type="text/html" title="2021 Honda Fit Redesign and Release Date" /><published>2020-07-04T00:00:00+07:00</published><updated>2020-07-04T00:00:00+07:00</updated><id>/2021-honda-fit-redesign</id><content type="html" xml:base="/2021-honda-fit-redesign/">&lt;p&gt;The Honda Match is a subcompact hatchback that slot machines below the Civic in Honda’s selection. Despite being Honda’s smallest and least expensive vehicle, the Fit has wowed shoppers with its playful driving dynamics and surprisingly spacious cabin since it was introduced in 2007. The third-generation model, which launched in 2015, builds upon the strengths of its predecessors, adding a comfortable ride and solid cabin materials to its overall value statement.&lt;/p&gt;

&lt;p&gt;The 2021 Honda Fit has lengthily held the heading as among the top freight-carrying subcompact automobiles in the marketplace. Its old overhaul provided it a modern-day and razor-distinct seem rendering it a lot more desirable. That appeared to be is getting older; it is time for an additional revamp. We assume the 2021 Honda Fit to usher in an all-change, powertrain, and much more.&lt;/p&gt;

&lt;p&gt;The Honda Match is delivered to obtain a substantial improvement considerably, which our company is reasonably specific suggests a whole new program, updated visual appeal, new motors, and more modern-day technological innovation.&lt;/p&gt;

&lt;p&gt;&lt;img src=&quot;/assets/images/2021-honda-fit.jpg&quot; alt=&quot;2021 Honda Fit Redesign&quot; /&gt;&lt;/p&gt;

&lt;p&gt;That thought appropriately pinpoints Match by Honda. Individuals are interested in finding out how this carmaker will make 2021 Honda Fit the most common item in their marketplace sector, for that reason.&lt;/p&gt;

&lt;p&gt;Good results from checking the safety of highway website visitors nationally and also the Insurance policy Defense Business about Highway Protection in addition to accessible vehicle driver guidance features (additionally unusual using this type of course), such as automated emergency urgent braking, alert of Leaving behind the lane, handling an adaptive vacation cruise adventure, in addition to the caution of top mishaps could be crucial advantages.&lt;/p&gt;

&lt;p&gt;&lt;img src=&quot;/assets/images/2021-honda-fit_engine.jpg&quot; alt=&quot;2021 Honda Fit new engine&quot; /&gt;&lt;/p&gt;

&lt;p&gt;These interior lightings are the best part. Consider the breadth, as well as the interior, is really a fun site to become. Generally, in most proportions, especially 2021 Honda Fit, The cabin will be larger inside the subcompact class. For example, the rear-seat area may be surprisingly wide and have much more space compared to almost any major competitor; it just complements that of several full-dimension sedans. Almost every valid app is commonly available using Wireless Bluetooth mp3 along with internet telephony, backup digital camera, one or more universal serial bus, plus additional routing music settings. This version produced its popularity at the back of the secret back president. This gap meter may retract by generating a continuous working surface coming from the rear fender just for the back of the upper seats, or it can change the base of the padded base up to a place top to bottom.&lt;/p&gt;

&lt;p&gt;&lt;img src=&quot;/assets/images/2021-honda-fit-interior.jpg&quot; alt=&quot;2021 Honda Fit interior redesign look cools&quot; /&gt;&lt;/p&gt;

&lt;p&gt;The real choice in between the powertrain needed by the right customers will be the choice between delivering a 6-velocity guidebook besides the CVT, though horse Drops to 128 across the CVT mobile types. Among the most important engine rates where you are a lot committed to driving, this engine can be noisy.&lt;/p&gt;

&lt;p&gt;This transmitting offers a far more complete guideline when having the most energy out of the motor—this CVT drainpipes his presence within the generator in addition to not driving. Only 2021 Honda Fit High-quality flight shines being focused on. The car is almost smooth while traveling for more than a lot of street faults, mainly if it is built with longer tires than the car with the LX version of the starting point.&lt;/p&gt;

&lt;h2&gt;2021 Honda Fit Price and Release Date&lt;/h2&gt;

&lt;p&gt;2021 Honda Fit Trims could be regular, standard, and straight traveling. So we absolutely never notice any reason to choose almost anything outside of the lower cutting concentrations. Plus, the very much needed driver assistance features are actually optional on every single release – despite the fact that every single release holds it for any EX version, there it is paired with CVT. We will ignore these great safety products as well as contain the actual sporty Fit. The 2021 Honda Fit price will start from $ 17,000 to $ 22,000 exclude destination cost.&lt;/p&gt;</content><author><name>rabumah</name></author><category term="FIT" /><category term="Hatchbacks" /><summary type="html">The Honda Match is a subcompact hatchback that slot machines below the Civic in Honda’s selection. Despite being Honda’s smallest and least expensive vehicle, the Fit has wowed shoppers with its playful driving dynamics and surprisingly spacious cabin since it was introduced in 2007. The third-generation model, which launched in 2015, builds upon the strengths of its predecessors, adding a comfortable ride and solid cabin materials to its overall value statement.</summary><media:thumbnail xmlns:media="http://search.yahoo.com/mrss/" url="/assets/images/2021-honda-fit_1.jpg" /><media:content medium="image" url="/assets/images/2021-honda-fit_1.jpg" xmlns:media="http://search.yahoo.com/mrss/" /></entry><entry><title type="html">2021 Honda Passport Release Date</title><link href="/honda-passport-release-date/" rel="alternate" type="text/html" title="2021 Honda Passport Release Date" /><published>2020-06-29T00:00:00+07:00</published><updated>2020-06-29T00:00:00+07:00</updated><id>/honda-passport-release-date</id><content type="html" xml:base="/honda-passport-release-date/">&lt;p&gt;The 2021 Honda Passport middle-size SUV makes its come back this past year. For dimension still sharing its platform with the Honda Pilot, 2021 Honda Passport is 6 inches shorter than Honda Pilot and has 1.1-inches of additional ground clearance. The Full load freight capacity is 77.9 ft3, And the rear seats can be folded under the cabin floor is 2.5 ft3 of cargo space for small items as well.&lt;/p&gt;

&lt;p&gt;Four trims you can choose if interest is Sport, EX-L, Touring, and Elite.&lt;/p&gt;

&lt;p&gt;It can be driven by way of a standard 280-hp, 3.5-liter V-6 engine mated to your nine-rate automated transmitting. Front-wheel drive is standard features, while all-wheel drive is available.&lt;/p&gt;

&lt;p&gt;Honda resurrected the Passport nameplate two years ago for use in their new five-person crossover based on the active Pilot. After testing it against other midsize SUVs, we declared it our favorite of the bunch. While it doesn’t offer the off-road abilities of its forebears, the modern 2021 Honda Passport is a stellar performer on the pavement.&lt;/p&gt;

&lt;p&gt;&lt;img src=&quot;assets/images/2021-honda-passport_1.jpg&quot; alt=&quot;2021 Honda Passport Redesign&quot; /&gt;&lt;/p&gt;

&lt;p&gt;Midsize crossovers are defined by cargo and passenger place, along with the Honda Passport has in spades. It offers noticeably more head- and legroom in both rows than its smaller sibling, the Honda CR-V, and there’s a bit more cargo room as well. The 3.5-liter V6 produces plenty of thrusts yet delivers excellent fuel economy, both in EPA estimates and real-world driving. Rounding out the Passport’s list of admirable attributes are plush seats and upscale cabin design.&lt;/p&gt;

&lt;p&gt;There are many healthy alternatives if you locate yourself fighting off the Passport’s contact. The Hyundai Santa Fe was also redesigned for 2019, and its low base price and fuel-sipping four-cylinder engine are more cost-effective. The Ford Edge offers refined driving experience, and its V6-powered ST model is faster than you might expect. Finally, the Toyota 4Runner is unparalleled concerning its all-terrain capabilities.&lt;/p&gt;

&lt;p&gt;The Honda Passport is a new layout depending on the fast-promoting, three-row Pilot SUV and Honda won’t make the significant design or perhaps in-cab upgrades up until the middle of the-pattern recharge. So, 2021 Honda Passport will return, not any changes. There should only have a new body color options and possibly a particular edition version for the new model year.&lt;/p&gt;

&lt;p&gt;&lt;img src=&quot;/assets/images/2021-honda-passport_2.jpg&quot; alt=&quot;2021 Honda Passport interior&quot; /&gt;&lt;/p&gt;

&lt;p&gt;The Passport offers the program together with the eight-seating Aviator SUV, which is 9 in . for a longer time. Two models also apply the same styling language, although the Passport looks bulkier and has higher ground clearance.&lt;/p&gt;

&lt;p&gt;The five-chair Honda SUV relies on a new-design grille and front lights together with the toned top bumper.&lt;/p&gt;

&lt;p&gt;The back from the model has some small taillights with C-formed artwork and a shapely tailgate. The rear bumper looks very harmonious combined with dual exhaust as the midsize SUV’s identity.&lt;/p&gt;

&lt;p&gt;The overall performance top, the 2021 Honda Passport, will again utilize a Honda’s large-spread 3.5-liter V-6 generator in the blend with all the 9-rate automatic transmitting. A smooth V-6 engine will deliver 280 horsepower and 262 lbs of torque.&lt;/p&gt;

&lt;p&gt;The 2021 Honda Passport can pull approximately 5, 000 pounds with all the all-tire generate. The fuel consumption will be around 20 mpg on city rush road and 25 fast highways. With 4WD  in power, the model should return 24 highways and 19 mpg city.&lt;/p&gt;

&lt;p&gt;2021 Honda Passport Release Date and Prices&lt;/p&gt;

&lt;p&gt;The 2021 Honda Passport should reach sellers at the end of 2020. 2021 Honda Passport price corrections should be minimal. The base Passport will again be available from about $32, 000. The price will rise above $40, 000 with most features equipped.&lt;/p&gt;</content><author><name>ryan</name></author><category term="Passport" /><category term="SUVs" /><summary type="html">The 2021 Honda Passport middle-size SUV makes its come back this past year. For dimension still sharing its platform with the Honda Pilot, 2021 Honda Passport is 6 inches shorter than Honda Pilot and has 1.1-inches of additional ground clearance. The Full load freight capacity is 77.9 ft3, And the rear seats can be folded under the cabin floor is 2.5 ft3 of cargo space for small items as well.</summary><media:thumbnail xmlns:media="http://search.yahoo.com/mrss/" url="/assets/images/2021-honda-passport.jpg" /><media:content medium="image" url="/assets/images/2021-honda-passport.jpg" xmlns:media="http://search.yahoo.com/mrss/" /></entry><entry><title type="html">2021 Honda Pilot Release Date</title><link href="/2021-honda-pilot-release-date/" rel="alternate" type="text/html" title="2021 Honda Pilot Release Date" /><published>2020-06-12T00:00:00+07:00</published><updated>2020-06-12T00:00:00+07:00</updated><id>/2021-honda-pilot-release-date</id><content type="html" xml:base="/2021-honda-pilot-release-date/">&lt;p&gt;The most question ask is &lt;b&gt;when will 2021 Honda Pilot be available&lt;/b&gt; for Unites States market and ready send to costumer home. American Honda Motor Co., Inc have official confirmed 2021 Honda Pilot release date is summer 2020, so don’t late to make order.&lt;/p&gt;

&lt;p&gt;The present-age group Honda Initial debuted back 2016 and went through an easy freshening in 2019 that incorporated updated front and rear styles, a revamped cabin, a whole new infotainment system using a actual amount button, plus more. This look has remained the same since, and we expect it to stay unchanged when the 2021 Honda Pilot hits showrooms.&lt;/p&gt;

&lt;p&gt;We assume no layout modifications when the 2021 Honda Pilot moves into showrooms, so look for it to follow the very same revamped seem it received in 2019. This updated look included a new trapezoidal grille, revised fog lights, updated headlights, repositioned reverse lights, and a new rear garnish on higher trims. Inside, the update included a new steering wheel, updated gauge readouts, and more. The refreshed tech included the addition of 4G Wi-Fi, enlarged rear-seat entertainment screens, a physical volume knob, and an in-cabin PA system.&lt;/p&gt;

&lt;p&gt;&lt;img src=&quot;/assets/images/2021-honda-pilot-back-view.jpg&quot; alt=&quot;2021 Honda Pilot&quot; /&gt;&lt;/p&gt;

&lt;p&gt;The Honda Initial is the automaker’s greatest and a lot capable SUV. It fits in the midsize three-row crossover category, but it offers slightly more rear-seat room than many rivals. There’s plenty of cargo room too, with enough space behind the third row to carry a weekend trip’s worth of luggage for every passenger. We’re also impressed by the Pilot’s fuel-efficient but powerful engine and exceptional ride and seat comfort.&lt;/p&gt;

&lt;p&gt;The Aviator isn’t as bulletproof since it was if this generation was launched in 2016. Since then, new competitors including the Hyundai Palisade, Kia Telluride and Volkswagen Atlas have debuted, all of which offer more third-row room and cargo room. While notably smaller than these, the Mazda CX-9 is sporty and surprisingly fun to drive. We don’t expect the Honda Pilot to change for 2021, though a fully redesigned model might bow next year.&lt;/p&gt;

&lt;p&gt;What to expect:&lt;/p&gt;

&lt;ol&gt;
  &lt;li&gt;
    &lt;p&gt;Honda’s most significant and a lot competent SUV&lt;/p&gt;
  &lt;/li&gt;
  &lt;li&gt;
    &lt;p&gt;No significant changes expected for 2021&lt;/p&gt;
  &lt;/li&gt;
  &lt;li&gt;
    &lt;p&gt;Part of the third Pilot generation introduced for 2016&lt;/p&gt;
  &lt;/li&gt;
&lt;/ol&gt;

&lt;h2&gt;2021 Honda Pilot Price&lt;/h2&gt;

&lt;p&gt;We could estimates about 2021 Honda Pilot prices starting from $33,000 to $51,000 but not official information available. stay tune for update about when will 2021 Honda Pilot be available for order.&lt;/p&gt;</content><author><name>ryan</name></author><category term="Pilot" /><summary type="html">The most question ask is when will 2021 Honda Pilot be available for Unites States market and ready send to costumer home. American Honda Motor Co., Inc have official confirmed 2021 Honda Pilot release date is summer 2020, so don’t late to make order.</summary><media:thumbnail xmlns:media="http://search.yahoo.com/mrss/" url="/assets/images/2021-honda-pilot-730x450.jpg" /><media:content medium="image" url="/assets/images/2021-honda-pilot-730x450.jpg" xmlns:media="http://search.yahoo.com/mrss/" /></entry><entry><title type="html">When Will 2021 Honda Insight be Available</title><link href="/when-will-2021-honda-insight-be-available/" rel="alternate" type="text/html" title="When Will 2021 Honda Insight be Available" /><published>2020-06-12T00:00:00+07:00</published><updated>2020-06-12T00:00:00+07:00</updated><id>/when-will-2021-honda-insight-be-available</id><content type="html" xml:base="/when-will-2021-honda-insight-be-available/">&lt;p&gt;Many Honda Insight lover still waiting about &lt;b&gt;2021 Honda Insight release date&lt;/b&gt;, but we are still curious about when will 2021 Honda Insight be available for lovers to take to their garage. We have already searched for confirmed information but unfortunately our efforts have not yielded satisfactory results, but we did get some details about the 2021 Honda Insight.&lt;/p&gt;

&lt;p&gt;Honda uncovered a massively current Information crossbreed a couple of years ago at 2018 The Important Apple Car Display. The new design for 2021 Honda Insight hybrid, borrowing a lot from the more massive Honda Accord &amp;amp; Honda Civic – the two models is favorite Honda’s lineup for the 2020 model year and we predict also for 2021, Honda is shuffling some things around with 2021 Honda Insight, adding safety features as standard aequipment for the LX trims.&lt;/p&gt;

&lt;p&gt;The newest primary safety technician – blind-area keeping track of and go across-website traffic alert – are included with the Honda Knowledge EX and Visiting trims. The 8-inch screen display with Android Auto and Apple CarPlay apps.&lt;/p&gt;

&lt;p&gt;This year, the Understanding adds blind-location monitors with back-go cross-traffic notifications to EX and Visiting trims while keeping the majority of the excellent stuff undamaged.&lt;/p&gt;

&lt;p&gt;Following the mobile Civic, the Knowing dresses up its outside with a tad bit more made-up likes. The Knowledge borrows the Accord’s nose area and tail—no bad thing—and its sides are a very little cleanser compared to the Civic.&lt;/p&gt;

&lt;p&gt;The Insight’s interior slightly mirrors its below-regular selling price, but it’s uncluttered and large. The 2021 Honda Insight’s fuel-efficiency is anything but below-average, however. Under the hoods of all Honda 2021 Insights is a 1.5-liter inline-4 gas engine that makes 107 horsepower. It usually drives a generator that produces power for the hybrid battery pack and a 129-hp electric motor that powers the front wheels. In certain situations, the gas motor can clutch in to drive the wheels, although Honda says that’s the exception for its hybrids—not the rule. The EPA rates the combo at up to 52 mpg combined, which is near the top for any new car sold without a plug today.&lt;/p&gt;

&lt;p&gt;The Understanding is pretty slow-moving compared to most autos, but it’s useful as well as simple to get.&lt;/p&gt;

&lt;p&gt;The 2021 Honda Knowledge will probably be obtainable in three trims – LX, EX, and Visiting. All trims 2021 Honda Insights come using LED headlights, the automaker’s suite of safety technologies, and push-button start. The 2021 Honda Insight also earned the Insurance Institute for Highway Safety’s Top Safety Pick+ rating for 2020.&lt;/p&gt;

&lt;p&gt;Its cabin is secure for four grownups and might have up to 5 various, and the Insight’s 15.1 cubic feet of trunk room is generously sized for the small auto.&lt;/p&gt;

&lt;p&gt;Nearly as remarkable as the effectiveness is the Insight’s security scorecard. Federal and independent testers give it a spotless scorecard: five stars from the NHTSA and a Top Safety Pick+ nod from the IIHS.&lt;/p&gt;

&lt;p&gt;Every Information receives automatic emergency braking, adaptive cruise handle, productive lane management, and traffic indicator reputation. Insight EX and Touring trims add blind-spot monitors, which are new this year.&lt;/p&gt;

&lt;h2&gt;2021 Honda Insight Price&lt;/h2&gt;

&lt;p&gt;The Understanding LX is cheaper than $24,000 but skips a few characteristics we’d choose, for instance, a break-up-folding rear seat and a touchscreen with smartphone computer software.&lt;/p&gt;

&lt;p&gt;We’d opt instead for an 2021 Honda Insight price starting from $25,765 and is equipped with 16-inch rims, material covers, an 8.-inches touchscreen with Apple company CarPlay and Android Auto compatibility, fog lighting, two USB plug-ins, and lively safety measures.&lt;/p&gt;</content><author><name>ryan</name></author><category term="Insight" /><summary type="html">Many Honda Insight lover still waiting about 2021 Honda Insight release date, but we are still curious about when will 2021 Honda Insight be available for lovers to take to their garage. We have already searched for confirmed information but unfortunately our efforts have not yielded satisfactory results, but we did get some details about the 2021 Honda Insight.</summary><media:thumbnail xmlns:media="http://search.yahoo.com/mrss/" url="/assets/images/2021-Honda-Insight.jpg" /><media:content medium="image" url="/assets/images/2021-Honda-Insight.jpg" xmlns:media="http://search.yahoo.com/mrss/" /></entry><entry><title type="html">2021 Honda Odyssey Redesign and Release Date</title><link href="/2021-honda-odyssey-redesign-and-release-date/" rel="alternate" type="text/html" title="2021 Honda Odyssey Redesign and Release Date" /><published>2020-06-07T00:00:00+07:00</published><updated>2020-06-07T00:00:00+07:00</updated><id>/2021-honda-odyssey-redesign-and-release-date</id><content type="html" xml:base="/2021-honda-odyssey-redesign-and-release-date/">&lt;p&gt;The 2021 Honda Odyssey new front-end features Guided front lights that seem to be such as the Honda Civic and Honda Accord, plus a restyled grille along with a distinct decrease fascia. With the extra chrome and gloss black trim, and the exclusive model’s 19-inch wheels have a different design.&lt;/p&gt;

&lt;p&gt;The minivan section doesn’t entail a lot of gamers any further, nevertheless the Honda Odyssey is becoming some changes for 2021 that will help it keep up with its closest competitors. Chrysler’s Pacifica just got an update, too, and a redesigned Toyota Sienna is expected to arrive sometime this year, and we’re wondering if the Honda’s revised styling and new features will be enough for it to stay competitive.&lt;/p&gt;

&lt;p&gt;Alterations on the indoor are geared towards generating the Odyssey’s greater clip degrees truly feel more elegant. The top Elite model, for instance, gets special leather seats with contrasting piping and stitching, while other models get upgrades such as tri-color floor mats, piano black trim, and revised climate controls. Honda also says that the second-row seats fold differently to make them easier to remove. The base LX trim gets the same driver-assistance features that were previously standard on all other models, and a rear-seat reminder system is newly available.&lt;/p&gt;

&lt;h2&gt;2021 Honda Odyssey Price&lt;/h2&gt;

&lt;p&gt;Like just last year, the 2021 Honda Odyssey price starting from $32,000 for LX trims, then climbs the ladder in characteristics and cost in EX, EX-L, Visiting, and leading Elite toned, which comes in only under $50,000. For Safety instrument like as automatic emergency breaking system with pedestrian detection and adaptive cruise control are now standard across the lineup, for the LX model still only gets a 5.0-inch video screen.&lt;/p&gt;

&lt;h2&gt;2021 Honda Odyssey Specs&lt;/h2&gt;

&lt;p&gt;The identical 280-hp 3.5-liter V-6 plus a 10-price intelligent with front side-tire travel functionality every Odyssey regardless of reduce. For reasonably efficient with an EPA-rated 22 mpg combined, and the ride is reassuringly calm, quiet, and predictable.&lt;/p&gt;

&lt;p&gt;Inside of, the Odyssey child car seats up to 8-10, with sufficient area for adults to vacation inside the wayback.&lt;/p&gt;

&lt;p&gt;Security elements as key crucial as location inside the 2021 Odyssey, with the NHTSA and IIHS bestowing leading accident-evaluate scores on the minivan.&lt;/p&gt;

&lt;p&gt;&lt;img src=&quot;/assets/images/2021-Honda-Odyssey-interior.jpg&quot; alt=&quot;2021 Honda Odyssey&quot; /&gt;&lt;/p&gt;

&lt;p&gt;You will find no powertrain modifications for the 2021 Honda Odyssey, and that’s alright by us. The 280-hp 3.5-liter V-6 and 10-speed automatic transmission powering the front wheels gets the job done just fine, even when fully laden and heading over the mountains and through the woods.&lt;/p&gt;

&lt;p&gt;It makes a 6 for general performance because of its relaxing cabin and foreseeable push.&lt;/p&gt;

&lt;p&gt;The acquainted engine and relatively latest transmitting merge to have a easy trip, irrespective if flicking through its 10 gears.&lt;/p&gt;

&lt;h2&gt;2021 Honda Odyssey Release Date&lt;/h2&gt;

&lt;p&gt;For 2021 Honda Odyssey release date scheduler August 2020 but we can only prediction because covid-19 outbreak not finish yet.&lt;/p&gt;</content><author><name>ryan</name></author><category term="Odyssey" /><category term="sticky" /><summary type="html">The 2021 Honda Odyssey new front-end features Guided front lights that seem to be such as the Honda Civic and Honda Accord, plus a restyled grille along with a distinct decrease fascia. With the extra chrome and gloss black trim, and the exclusive model’s 19-inch wheels have a different design.</summary><media:thumbnail xmlns:media="http://search.yahoo.com/mrss/" url="/assets/images/2021-honda-odyssey-730x450.jpg" /><media:content medium="image" url="/assets/images/2021-honda-odyssey-730x450.jpg" xmlns:media="http://search.yahoo.com/mrss/" /></entry><entry><title type="html">2021 Honda Civic Sedan Release Date</title><link href="/2021-honda-civic-sedan-release-date/" rel="alternate" type="text/html" title="2021 Honda Civic Sedan Release Date" /><published>2020-06-05T00:00:00+07:00</published><updated>2020-06-05T00:00:00+07:00</updated><id>/2021-honda-civic-sedan-release-date</id><content type="html" xml:base="/2021-honda-civic-sedan-release-date/">&lt;p&gt;The Honda Civic is the most popular car U.S. sold in sedan, coupe and hatchback body styles, this compact car has a list of strengths unrivaled in its class. Like other compacts, the Civic is quite affordable, but it also offers a significant amount of value. The quality of materials is excellent for the class, with a minimal use of hard, dreary plastics. Cabin room is exceptional — four 6-foot-tall occupants will have no problem fitting in the 2021 Honda Civic sedan or hatchback. Their luggage will fit, too, since the Civic offers one of the largest cargo areas in the class. You can find information about 2021 Honda Civic Sedan release date at the end this article. The optional turbocharged engine delivers both excellent fuel economy and some of the quickest acceleration times we’ve clocked for non-performance compacts. The Civic is close to perfection, with a slow, unintuitive infotainment system as its single flaw.&lt;/p&gt;

&lt;p&gt;The recommended turbocharged engine gives one of the greatest gas economies with many fastest acceleration proven by non-functionality compacts. The civic is an IIHS top safety pick along with a “Good” crash-test score, one of the best rated LED headlights and state-of-the-art automatic emergency braking system. The Honda Civic is known for its roomier rear seats, plenty of storage space, sharp design, and excellent features that can virtually satisfy every buyer. The company has also reworked on dampers to give it a more aggressive face and recalibrated the steering for superior feedback to the driver.&lt;/p&gt;

&lt;h2&gt;2021 Honda Civic Sedan Specs&lt;/h2&gt;

&lt;p&gt;Honda is anticipated to carry on its prior powertrain align with bottom motor as being a 2.-liter four-tube creating 158 horsepower via a six-rate guidebook or continuously variable transmission. The second option could be 1.5-liter turbocharged four-cylinder producing 174 – 180 horsepower combined with CVT or six-speed manual transmission. The Si model will include a 1.5-liter with 205 horsepower exclusively paired with a six-speed manual gearbox. The Type R model will get top of the line 2.0-liter four-cylinder engine that churns out 300 horsepower with a front-wheel-drive paired with six-speed manual transmission.&lt;/p&gt;

&lt;p&gt;&lt;img src=&quot;/assets/images/2021-honda-civic-sedan_2.jpg&quot; alt=&quot;2021 Honda civic Redesign&quot; /&gt;&lt;/p&gt;</content><author><name>ryan</name></author><category term="Civic" /><category term="Sedan" /><category term="featured" /><summary type="html">The Honda Civic is the most popular car U.S. sold in sedan, coupe and hatchback body styles, this compact car has a list of strengths unrivaled in its class. Like other compacts, the Civic is quite affordable, but it also offers a significant amount of value. The quality of materials is excellent for the class, with a minimal use of hard, dreary plastics. Cabin room is exceptional — four 6-foot-tall occupants will have no problem fitting in the 2021 Honda Civic sedan or hatchback. Their luggage will fit, too, since the Civic offers one of the largest cargo areas in the class. You can find information about 2021 Honda Civic Sedan release date at the end this article. The optional turbocharged engine delivers both excellent fuel economy and some of the quickest acceleration times we’ve clocked for non-performance compacts. The Civic is close to perfection, with a slow, unintuitive infotainment system as its single flaw.</summary><media:thumbnail xmlns:media="http://search.yahoo.com/mrss/" url="/assets/images/2021-honda-civic-sedan_2-730x450.jpg" /><media:content medium="image" url="/assets/images/2021-honda-civic-sedan_2-730x450.jpg" xmlns:media="http://search.yahoo.com/mrss/" /></entry></feed>